location,count
"Illinois, United States",114
"Masjid DPDR Kantor DPRD Barru, Jalan Bau Massepe, Barru, Sulawesi Selatan, Sulawesi, 90712, Indonesia",53
Canada,10
United States,4
Europe,4
France,4
日本,3
Australia,3
Éire / Ireland,2
"Realy, Via Leonardo da Vinci, Fiumicino, Roma Capitale, Lazio, 00054, Italia",2
México,2
"Hanging, Kollerschlag, Bezirk Rohrbach, Oberösterreich, 4154, Österreich",2
"Understand, Erlebnisort Hecke, Muna-Siedlung, Marktbergel, Burgbernheim (VGem), Landkreis Neustadt an der Aisch-Bad Windsheim, Bayern, 91613, Deutschland",2
"Maryland, United States",2
"Imagine, Stary Widzew, Łódź-Widzew, Łódź, województwo łódzkie, Polska",2
"Executive, Sorsogon, Bicol Region, 4700, Pilipinas",2
"Truth, 34, Fulham Palace Road, Hammersmith, London Borough of Hammersmith and Fulham, London, Greater London, England, W6 9PH, United Kingdom",2
"YouTube Theater, 1011, Stadium Drive, Hollywood Park, Inglewood, Los Angeles County, California, 90301, United States",2
"Buenas noches (Los bosques embrujados más aterradores del mundo. Fantome: fantasma) (Mombe'ugua'u), Distrito de Escobar, Paraguarí, Región Oriental, Paraguay / Paraguái",2
"Florida, United States",2
Schweiz/Suisse/Svizzera/Svizra,2
"Vancouver Island, British Columbia, Canada",1
"Oklahoma, United States",1
Perú,1
"Iowa, United States",1
"広電廿日市, 廿日市停車場線, 駅前, 廿日市市, 広島県, 738-0003, 日本",1
Nederland,1
"Colorado, United States",1
"Lad Lane, South Dock Ward 1986, Dublin, County Dublin, Leinster, D02 FN88, Éire / Ireland",1
"Villian, La Chapelle-Vendômoise, Blois, Loir-et-Cher, Centre-Val de Loire, France métropolitaine, 41330, France",1
"States Drive, Parkside, Philadelphia, Philadelphia County, Pennsylvania, 19131, United States",1
"Beach Mountains, Culberson County, Texas, United States",1
"Utah, United States",1
"California, United States",1
"Greys, Station Approach, Bexley, London Borough of Bexley, London, Greater London, England, DA5 1AQ, United Kingdom",1
"Québec, Canada",1
"Truly, Cascade County, Montana, United States",1
"Plain, Sauk County, Wisconsin, United States",1
"Cape Town, City of Cape Town, Western Cape, 8001, South Africa",1
"กรุงเทพมหานคร, ประเทศไทย",1
"London, Greater London, England, United Kingdom",1
ประเทศไทย,1
"Kirtland Air Force Base & Cibola Withdrawal Area, Albuquerque, Bernalillo County, New Mexico, 87116, United States",1
"Agoraphobia, Allées Charles de Fitte, Patte d'Oie, Saint-Cyprien, Toulouse, Haute-Garonne, Occitanie, France métropolitaine, 31300, France",1
"Chemin d'Aches, Nendaz, Conthey, Valais/Wallis, 1997, Schweiz/Suisse/Svizzera/Svizra",1
"Sudden, Castleton, Rochdale, Greater Manchester, England, OL11 3EY, United Kingdom",1
India,1
"Hoping, Daimlerstraße, Harme-Süd, Bakum, Landkreis Vechta, Niedersachsen, 49456, Deutschland",1
"Chromebook/Textbook Office, Kingsbury Street, Granada Hills, Granada Hills South Neighborhood Council District, Los Angeles, Los Angeles County, California, 91325, United States",1
"Lost, Bellabeg, Aberdeenshire, Alba / Scotland, AB36 8UQ, United Kingdom",1
"Las Vegas, Clark County, Nevada, United States",1
"Background Cottages, Nether Stowey, Somerset, England, United Kingdom",1
Pilipinas,1
"Knowing, จอมเทียน 7, จอมเทียน, เมืองพัทยา, นาจอมเทียน, จังหวัดชลบุรี, 20260, ประเทศไทย",1
"Edit, 188, Petts Wood Road, Poverest, Petts Wood, Orpington, London, Greater London, England, BR5 1LG, United Kingdom",1
"Shrooms Lane (NF-510), Pend Oreille County, Washington, United States",1
"Electro, Şahkapısı Sokağı, Kuledibi, Bereketzade, Bereketzade Mahallesi, Beyoğlu, İstanbul, Marmara Bölgesi, 34421, Türkiye",1
Việt Nam,1
"The Overwhelming World of Desire, Bismarckstraße, Iserlohn, Märkischer Kreis, Nordrhein-Westfalen, 58636, Deutschland",1
"Rewire, 25, Hauptstraße, Altstadt, Heidelberg, Baden-Württemberg, 69117, Deutschland",1
"Partially Re-worked Slimes Dam, Matlosana Ward 1, Matlosana Local Municipality, Dr Kenneth Kaunda District Municipality, North West, South Africa",1
"Cacao, Roura, Cayenne, Guyane, 97352, France",1
"Comfort Zone, 5324, Dundas Street West, Islington, Etobicoke—Lakeshore, Etobicoke, Toronto, Golden Horseshoe, Ontario, M9B 1B4, Canada",1
"Husband, Somerset Township, Somerset County, Pennsylvania, 15501, United States",1
"Abitur 2020, Silcherweg, Hemsbach, VVG der Stadt Hemsbach, Rhein-Neckar-Kreis, Baden-Württemberg, 69502, Deutschland",1
"Aiden, Wittibreut, Landkreis Rottal-Inn, Bayern, 84384, Deutschland",1
Italia,1
"Mannheim, Baden-Württemberg, Deutschland",1
"Rev Discos, St Mary's Street, Caher, The Municipal District of Cahir — Cashel, County Tipperary, Munster, E21 P236, Éire / Ireland",1
"London Borough of Hackney, Greater London, England, United Kingdom",1
"Atzenbach, Häg, Häg-Ehrsberg, Verwaltungsgemeinschaft Zell im Wiesental, Landkreis Lörrach, Baden-Württemberg, 79685, Deutschland",1
"Back Street Cocktail Bar, 13, Hagenmarkt, Mitte, Braunschweig, Niedersachsen, 38100, Deutschland",1
"Stroked Ego, 131, Bank Street, Centretown, Somerset, Ottawa, Eastern Ontario, Ontario, K1P 5N7, Canada",1
"Somatic Court, Sunstone, North Port, Sarasota County, Florida, United States",1
"Mabey, Téra, Tillabéri, Niger",1
"Drane infront of Bolika House, দৌলতখান উপজেলা, ভোলা জেলা, বরিশাল বিভাগ, 8310, বাংলাদেশ",1
"Toledo, Castilla-La Mancha, España",1
"Albeit Alarabi, 26, Chase Road, Park Royal, London Borough of Ealing, London, Greater London, England, NW10 6QN, United Kingdom",1
"Bhai, Kangra, Himachal Pradesh, 176037, India",1
"Any Thing, 453, Rogers Avenue, Brooklyn Community District 17, Brooklyn, Kings County, City of New York, New York, 11225, United States",1
"San Diego, San Diego County, California, United States",1
"Academia Teológica da Graça de Deus, 9, Largo dos Aflitos, Dois de Julho, Salvador, Região Geográfica Imediata de Salvador, Região Metropolitana de Salvador, Região Geográfica Intermediária de Salvador, Bahia, Região Nordeste, 40060-030, Brasil",1
"Corona, Riverside County, California, United States",1
"The World Turned Upside Down, Sheffield Street, St Clement Danes, Holborn, Southwark, City of Westminster, Greater London, England, WC2A 2HT, United Kingdom",1
Deutschland,1
"Overview, Cranberry Lake, Byram Township, Sussex County, New Jersey, 07821, United States",1
